timestamp_utc,os_family,thermal_pressure_level,thermal_pressure_code,cpu_die_temp_c,gpu_die_temp_c,cpu_total_active_pct,cpu_ecluster_active_pct,cpu_pcluster_active_pct,cpu_ecluster_freq_mhz,cpu_pcluster_freq_mhz,gpu_active_pct,gpu_freq_mhz,cpu_power_mw,gpu_power_mw,ane_power_mw,combined_power_mw,cpu_percent_psutil,loadavg_1m,loadavg_5m,loadavg_15m,ram_total_gb,ram_used_gb,ram_available_gb,ram_percent,mem_pressure_pct,swap_total_gb,swap_used_gb,swap_percent,mem_compressed_gb,battery_percent
2026-06-25T06:11:46.189820+00:00,macos,,,36.02231979370117,36.578125,nan,nan,nan,nan,nan,nan,nan,nan,nan,nan,nan,6.4,2.21533203125,2.26806640625,1.8955078125,16.0,6.7039337158203125,5.2009735107421875,67.5,67.49391555786133,0.0,0.0,0.0,3.428680419921875,66.0
2026-06-25T06:11:49.069746+00:00,macos,Nominal,0,36.03125,36.578125,24.929049999999997,40.4512,9.406899999999997,1182.97,2373.33,1.0218999999999978,0.000338,371.925,2.59668,0.0,374.521,7.0,2.11767578125,2.24658203125,1.89013671875,16.0,6.6941986083984375,5.2156829833984375,67.4,67.40198135375977,0.0,0.0,0.0,3.428558349609375,66.0
2026-06-25T06:11:51.842726+00:00,macos,Nominal,0,36.640625,37.046875,23.17185,37.0463,9.2974,1116.48,3793.02,0.14359999999999928,0.000338,604.199,0.199471,0.0,604.399,6.7,2.11767578125,2.24658203125,1.89013671875,16.0,6.67327880859375,5.2320098876953125,67.3,67.2999382019043,0.0,0.0,0.0,3.42852783203125,66.0
2026-06-25T06:11:56.834560+00:00,macos,Nominal,0,40.40792465209961,39.277854919433594,37.29515,44.9873,29.603,1246.05,4109.7,0.44999999999999485,0.000338,1043.04,1.19844,0.0,1044.24,19.0,1.94775390625,2.208984375,1.87890625,16.0,6.904296875,4.995330810546875,68.8,68.77918243408203,0.0,0.0,0.0,3.4370880126953125,66.0
2026-06-25T06:12:01.850223+00:00,macos,Nominal,0,36.81919479370117,37.4904899597168,37.0103,48.0076,26.012999999999998,1477.25,3515.72,7.338999999999995,0.00038567,1144.67,84.1844,0.997445,1229.85,8.3,1.87158203125,2.1884765625,1.87353515625,16.0,6.777435302734375,5.123870849609375,68.0,67.9758071899414,0.0,0.0,0.0,3.432159423828125,66.0
2026-06-25T06:12:06.864865+00:00,macos,Nominal,0,36.86886215209961,37.393341064453125,53.59845000000001,65.16340000000001,42.033500000000004,1873.65,3296.25,18.2651,0.000381398,3693.13,220.938,0.398805,3914.47,8.1,1.9619140625,2.20166015625,1.8798828125,16.0,6.8598480224609375,5.061004638671875,68.4,68.36872100830078,0.0,0.0,0.0,3.421173095703125,66.0
2026-06-25T06:12:11.879264+00:00,macos,Nominal,0,36.53069305419922,37.13926696777344,39.269600000000004,50.76780000000001,27.7714,1408.6,3558.72,1.6693999999999987,0.000338,1053.62,6.77953,0.0,1060.4,8.2,2.041015625,2.2109375,1.88671875,16.0,6.857574462890625,5.0609893798828125,68.4,68.36881637573242,0.0,0.0,0.0,3.4207000732421875,66.0
2026-06-25T06:12:16.893467+00:00,macos,Nominal,0,37.61439895629883,37.917118072509766,38.044700000000006,47.433400000000006,28.656000000000002,1415.06,3370.04,6.327000000000005,0.000338,1114.99,20.5408,0.0,1135.53,16.1,2.041015625,2.2109375,1.88671875,16.0,6.9315948486328125,4.9975738525390625,68.8,68.76516342163086,0.0,0.0,0.0,3.4197235107421875,65.0
2026-06-25T06:12:21.904268+00:00,macos,Nominal,0,39.33203125,39.125,46.63955,59.2255,34.053599999999996,1628.73,3004.29,14.877200000000002,0.000338,1049.79,105.876,0.0,1155.67,14.8,2.03759765625,2.20703125,1.88720703125,16.0,6.99481201171875,4.93023681640625,69.2,69.18601989746094,0.0,0.0,0.0,3.4179840087890625,65.0
2026-06-25T06:12:26.916393+00:00,macos,Nominal,0,37.68471145629883,38.330162048339844,61.1135,66.5816,55.6454,1870.6,3396.78,32.4744,0.000338,2654.73,290.006,0.0,2944.74,10.5,2.1142578125,2.2197265625,1.8935546875,16.0,6.854583740234375,5.0694427490234375,68.3,68.31598281860352,0.0,0.0,0.0,3.417205810546875,65.0
2026-06-25T06:12:31.939762+00:00,macos,Nominal,0,37.72265625,38.19157791137695,58.31185000000001,61.025400000000005,55.5983,1710.68,3514.32,27.860399999999995,0.000338,3147.46,268.158,0.0,3415.62,7.0,2.09619140625,2.2119140625,1.89453125,16.0,6.8556976318359375,5.065277099609375,68.3,68.3420181274414,0.0,0.0,0.0,3.4171142578125,65.0
2026-06-25T06:12:36.947154+00:00,macos,Nominal,0,37.08314895629883,37.76494598388672,33.76635,46.00300000000001,21.529699999999995,1438.7,3836.12,3.5919000000000034,0.000338,962.243,21.9508,0.0,984.194,7.6,2.09619140625,2.2119140625,1.89453125,16.0,6.8690948486328125,5.0548095703125,68.4,68.40744018554688,0.0,0.0,0.0,3.41705322265625,65.0
2026-06-25T06:12:41.961855+00:00,macos,Nominal,0,38.38448715209961,38.573368072509766,37.2759,49.144200000000005,25.407599999999995,1463.58,3607.51,5.44,0.000338,1100.37,17.3459,0.0,1117.71,8.8,2.00830078125,2.19140625,1.88916015625,16.0,6.8960113525390625,5.02264404296875,68.6,68.60847473144531,0.0,0.0,0.0,3.4163055419921875,65.0
2026-06-25T06:12:46.972248+00:00,macos,Nominal,0,36.95926284790039,37.61345291137695,35.597500000000004,49.143,22.052000000000007,1440.95,3713.86,5.163200000000002,0.000338,856.156,19.5397,0.0,875.696,7.9,2.00732421875,2.18798828125,1.8896484375,16.0,6.7681884765625,5.1606597900390625,67.7,67.74587631225586,0.0,0.0,0.0,3.4123687744140625,65.0
2026-06-25T06:12:51.985679+00:00,macos,Nominal,0,37.171875,37.82880401611328,39.2,48.4808,29.9192,1585.75,3415.97,6.795499999999999,0.000338,1605.85,29.919,0.0,1635.77,9.1,2.00634765625,2.1845703125,1.89013671875,16.0,6.862457275390625,5.0925750732421875,68.2,68.17140579223633,0.0,0.0,0.0,3.380523681640625,65.0
2026-06-25T06:12:56.997832+00:00,macos,Nominal,0,41.95703125,39.979618072509766,45.890100000000004,53.33410000000001,38.44610000000001,1593.91,4054.73,6.894,0.000338,1946.14,44.6885,0.0,1990.83,16.4,1.84521484375,2.14794921875,1.87890625,16.0,6.996429443359375,4.9727935791015625,68.9,68.92004013061523,0.0,0.0,0.0,3.37347412109375,65.0
2026-06-25T06:13:02.013936+00:00,macos,Nominal,0,41.10546875,40.901493072509766,37.62325,50.3986,24.8479,1383.87,3592.43,2.6418000000000053,0.000338,930.386,10.1736,0.0,940.559,19.6,1.9375,2.16162109375,1.88525390625,16.0,6.9538726806640625,5.0178375244140625,68.6,68.63851547241211,0.0,0.0,0.0,3.3660125732421875,65.0
2026-06-25T06:13:07.025861+00:00,macos,Nominal,0,38.34486770629883,39.1623649597168,65.14445,70.8833,59.40559999999999,2040.42,3840.1,32.4916,0.000343992,6510.5,361.661,2.79275,6874.95,8.3,1.8623046875,2.14208984375,1.8798828125,16.0,6.870269775390625,5.1084442138671875,68.1,68.07222366333008,0.0,0.0,0.0,3.36181640625,65.0
2026-06-25T06:13:12.038084+00:00,macos,Nominal,0,38.50390625,39.18002700805664,44.72465,55.643,33.8063,1729.61,3658.2,7.388499999999998,0.000347293,2067.48,56.6379,2.39315,2126.51,13.0,2.43359375,2.255859375,1.92138671875,16.0,6.9073638916015625,5.073699951171875,68.3,68.28937530517578,0.0,0.0,0.0,3.358795166015625,65.0
2026-06-25T06:13:17.051766+00:00,macos,Nominal,0,37.94866180419922,38.64741897583008,51.30355,61.2204,41.3867,1577.76,3105.76,17.6991,0.000338,1186.81,150.621,0.199498,1337.64,11.7,2.318359375,2.23486328125,1.91552734375,16.0,6.9388885498046875,5.04180908203125,68.5,68.48869323730469,0.0,0.0,0.0,3.35626220703125,65.0
2026-06-25T06:13:22.065630+00:00,macos,Nominal,0,37.80691909790039,38.392662048339844,50.52225,66.1541,34.8904,1840.85,3296.66,22.315399999999997,0.000338,1300.47,189.943,0.0,1490.42,8.6,2.21240234375,2.21435546875,1.91015625,16.0,6.91412353515625,5.070770263671875,68.3,68.30768585205078,0.0,0.0,0.0,3.3559722900390625,65.0
2026-06-25T06:13:27.077043+00:00,macos,Nominal,0,37.41518020629883,38.11073303222656,35.3628,50.09,20.635599999999997,1291.86,3879.99,2.887700000000004,0.000338,884.517,8.77536,0.0,893.292,8.3,2.115234375,2.19384765625,1.90478515625,16.0,6.8704833984375,5.102203369140625,68.1,68.1112289428711,0.0,0.0,0.0,3.35565185546875,65.0
2026-06-25T06:13:32.095933+00:00,macos,Nominal,0,37.25502395629883,37.89130401611328,39.613699999999994,54.681099999999994,24.5463,1559.4,3600.8,5.380099999999999,0.000338,1147.14,27.7259,0.0,1174.86,8.3,2.10595703125,2.1904296875,1.9052734375,16.0,6.976776123046875,5.001983642578125,68.7,68.73760223388672,0.0,0.0,0.0,3.3562774658203125,65.0
2026-06-25T06:13:37.106782+00:00,macos,Nominal,0,37.05747604370117,37.692935943603516,37.51955,49.634699999999995,25.404400000000006,1371.58,3532.77,3.7731999999999988,0.000338,939.547,14.3656,0.0,953.913,7.2,2.01708984375,2.17041015625,1.89990234375,16.0,6.9197540283203125,5.0682830810546875,68.3,68.3232307434082,0.0,0.0,0.0,3.3555145263671875,65.0
2026-06-25T06:13:42.112197+00:00,macos,Nominal,0,46.99944305419922,44.325408935546875,33.23455,44.439499999999995,22.029600000000006,1332.46,3799.7,3.091200000000005,0.000338,883.669,12.957,0.0,896.626,33.7,1.935546875,2.15087890625,1.89453125,16.0,6.8688507080078125,5.101470947265625,68.1,68.11580657958984,0.0,0.0,0.0,3.365753173828125,65.0
2026-06-25T06:13:47.118694+00:00,macos,Nominal,0,52.02901840209961,49.095787048339844,46.65390000000001,50.0221,43.285700000000006,1624.74,3941.2,4.741200000000001,0.000338,4792.79,15.3615,0.0,4808.16,44.6,2.1005859375,2.18115234375,1.90673828125,16.0,7.0048980712890625,4.9621124267578125,69.0,68.98679733276367,0.0,0.0,0.0,3.3655853271484375,65.0
2026-06-25T06:13:52.125926+00:00,macos,Nominal,0,56.23158645629883,53.359375,72.90725,45.8145,100.0,2068.16,4248.53,0.4722000000000004,0.000338,19000.5,1.59782,0.0,19002.1,44.1,2.33251953125,2.2275390625,1.9248046875,16.0,6.8718414306640625,5.0936126708984375,68.2,68.16492080688477,0.0,0.0,0.0,3.365570068359375,65.0
2026-06-25T06:13:57.132681+00:00,macos,Nominal,0,59.50558090209961,56.95176696777344,73.29554999999999,46.5911,100.0,2176.1,4248.27,1.1036999999999964,0.000338,19689.6,3.79476,0.0,19693.4,47.3,2.4658203125,2.2568359375,1.9365234375,16.0,7.00469970703125,4.977325439453125,68.9,68.89171600341797,0.0,0.0,0.0,3.353729248046875,65.0
2026-06-25T06:14:02.138882+00:00,macos,Nominal,0,62.97935104370117,60.41372299194336,74.03184999999999,48.0637,100.0,2200.09,4248.26,0.26289999999999925,0.000338,19739.1,0.599183,0.0,19739.7,45.7,2.58837890625,2.28564453125,1.9482421875,16.0,6.824371337890625,5.1607513427734375,67.7,67.74530410766602,0.0,0.0,0.0,3.3516387939453125,65.0
2026-06-25T06:14:07.147369+00:00,macos,Nominal,0,65.24888610839844,63.171875,80.80035,61.600699999999996,100.0,2509.9,4248.46,7.122700000000004,0.000338,19757.8,71.1041,0.0,19828.9,46.1,3.421875,2.46337890625,2.0126953125,16.0,6.7369537353515625,5.2599334716796875,67.1,67.12541580200195,0.0,0.0,0.0,3.348175048828125,65.0
2026-06-25T06:14:12.154507+00:00,macos,Nominal,0,67.70591735839844,65.5,76.9105,53.821000000000005,100.0,2372.25,4248.53,0.2581999999999973,0.000338,20780.7,0.998648,0.0,20781.7,44.0,3.5478515625,2.50537109375,2.02978515625,16.0,6.6150360107421875,5.3755645751953125,66.4,66.4027214050293,0.0,0.0,0.0,3.346771240234375,64.0
2026-06-25T06:14:17.160963+00:00,macos,Nominal,0,69.97544860839844,66.8824691772461,74.5338,49.0676,100.0,2275.44,4246.49,0.053199999999997694,0.000338,20783.4,0.0,0.0,20783.4,47.3,3.6640625,2.54638671875,2.046875,16.0,6.908447265625,4.9608612060546875,69.0,68.9946174621582,0.0,0.0,0.0,3.469512939453125,64.0
2026-06-25T06:14:22.167224+00:00,macos,Nominal,0,70.04352569580078,67.9144058227539,74.8361,49.6722,100.0,2320.22,4242.3,1.1403000000000052,0.000338,20381.8,9.18745,0.0,20391.0,47.2,3.77099609375,2.5869140625,2.06396484375,16.0,6.7616119384765625,5.115753173828125,68.0,68.02654266357422,0.0,0.0,0.0,3.4583892822265625,64.0
2026-06-25T06:14:27.175955+00:00,macos,Nominal,0,73.12165069580078,69.34239196777344,81.8135,63.627,100.0,2450.27,4243.64,9.9391,0.000375988,21785.8,108.252,0.0,21894.1,55.7,3.7890625,2.6103515625,2.0751953125,16.0,6.891937255859375,4.7270965576171875,70.5,70.45564651489258,0.0,0.0,0.0,3.7210693359375,64.0
2026-06-25T06:14:32.182894+00:00,macos,Nominal,0,73.0625,70.6440200805664,75.5998,51.199600000000004,100.0,2232.63,4240.98,2.3262000000000005,0.000338,21119.8,22.7694,0.0,21142.6,51.3,4.0458984375,2.68310546875,2.10400390625,16.0,6.814361572265625,4.8156280517578125,69.9,69.90232467651367,0.0,0.0,0.0,3.72052001953125,64.0
2026-06-25T06:14:37.189336+00:00,macos,Nominal,0,73.37276458740234,70.734375,90.43955,80.87910000000001,100.0,2575.96,4239.96,27.9192,0.000351052,22742.1,360.009,3.99345,23106.1,51.8,4.0419921875,2.70458984375,2.11474609375,16.0,6.8037261962890625,4.8243255615234375,69.8,69.84796524047852,0.0,0.0,0.0,3.7110443115234375,64.0
2026-06-25T06:14:42.196158+00:00,macos,Nominal,0,74.921875,72.046875,87.02629999999999,74.0526,100.0,2403.97,4212.54,26.665700000000005,0.000338,21692.8,307.769,1.19832,22001.8,49.5,4.19873046875,2.75927734375,2.13720703125,16.0,6.7833404541015625,4.84344482421875,69.7,69.72846984863281,0.0,0.0,0.0,3.7081756591796875,64.0
2026-06-25T06:14:47.205305+00:00,macos,Nominal,0,75.3125,72.6283950805664,83.63544999999999,67.2709,100.0,2331.86,4216.45,18.060900000000004,0.000344937,21434.6,225.884,0.0,21660.5,49.6,4.1826171875,2.77978515625,2.14794921875,16.0,6.6548309326171875,4.97747802734375,68.9,68.89076232910156,0.0,0.0,0.0,3.6971588134765625,64.0
2026-06-25T06:14:52.211389+00:00,macos,Nominal,0,75.40457916259766,73.54144287109375,85.12585,70.2517,100.0,2235.39,4206.99,21.812699999999996,0.000338,20835.2,275.606,0.0,21110.8,50.1,4.248046875,2.81640625,2.16455078125,16.0,6.7291259765625,4.9104461669921875,69.3,69.30971145629883,0.0,0.0,0.0,3.6952667236328125,64.0
2026-06-25T06:14:57.219279+00:00,macos,Nominal,0,76.87444305419922,74.04076385498047,86.72855,73.4571,100.0,2318.39,4199.35,23.130700000000004,0.00034976,21583.1,278.555,0.0,21861.7,49.9,4.46826171875,2.8857421875,2.19287109375,16.0,6.78875732421875,4.856842041015625,69.6,69.64473724365234,0.0,0.0,0.0,3.693145751953125,64.0
2026-06-25T06:15:02.225783+00:00,macos,Nominal,0,76.55580139160156,74.17119598388672,84.42525,68.8505,100.0,2581.17,4218.71,17.412000000000006,0.000338,21531.0,179.954,0.0,21710.9,50.6,4.5107421875,2.92041015625,2.208984375,16.0,6.765289306640625,4.8778839111328125,69.5,69.51322555541992,0.0,0.0,0.0,3.6896820068359375,64.0
2026-06-25T06:15:07.232914+00:00,macos,Nominal,0,77.54017639160156,74.96195983886719,87.38655,74.7731,100.0,2295.35,4155.16,24.561999999999994,0.000338,20629.0,311.965,0.0,20941.0,55.1,4.5498046875,2.95458984375,2.22509765625,16.0,6.8238372802734375,4.832763671875,69.8,69.79522705078125,0.0,0.0,0.0,3.6828155517578125,64.0
2026-06-25T06:15:12.240038+00:00,macos,Nominal,0,77.99107360839844,76.54076385498047,86.5394,73.0788,100.0,2504.19,4169.29,27.251899999999996,0.000342825,21628.9,371.087,3.19559,22003.2,53.5,4.98583984375,3.0712890625,2.2705078125,16.0,6.5608367919921875,4.876129150390625,69.5,69.5241928100586,0.0,0.0,0.0,3.90447998046875,64.0
2026-06-25T06:15:17.246600+00:00,macos,Nominal,0,77.3984375,76.20380401611328,90.49709999999999,80.99419999999999,100.0,2643.41,4177.68,14.414000000000005,0.000348528,22294.4,193.133,1.59779,22489.1,46.7,4.90673828125,3.08642578125,2.2802734375,16.0,6.4925689697265625,4.9396820068359375,69.1,69.12698745727539,0.0,0.0,0.0,3.901458740234375,64.0
2026-06-25T06:15:22.252463+00:00,macos,Nominal,0,76.83370208740234,75.8675308227539,80.84725,61.694500000000005,100.0,2300.93,4170.42,2.6016999999999957,0.000338,20212.8,16.5771,0.599171,20230.0,46.1,4.75390625,3.0849609375,2.2841796875,16.0,6.6203765869140625,4.83099365234375,69.8,69.80628967285156,0.0,0.0,0.0,3.889129638671875,63.0
2026-06-25T06:15:27.260197+00:00,macos,Nominal,0,77.66517639160156,76.20040893554688,78.4846,56.9692,100.0,2217.78,4157.74,0.8033999999999986,0.000338,20750.7,4.1942,0.0,20754.9,45.6,4.7734375,3.11669921875,2.2998046875,16.0,6.641571044921875,4.8033447265625,70.0,69.97909545898438,0.0,0.0,0.0,3.888763427734375,63.0
2026-06-25T06:15:32.267598+00:00,macos,Nominal,0,77.07923889160156,75.85326385498047,78.48035,56.960699999999996,100.0,2256.58,4150.7,1.9984000000000002,0.000338,20361.5,14.3805,0.0,20375.9,46.4,4.87158203125,3.16455078125,2.3212890625,16.0,6.72222900390625,4.7245025634765625,70.5,70.47185897827148,0.0,0.0,0.0,3.8872528076171875,63.0
2026-06-25T06:15:37.274334+00:00,macos,Nominal,0,77.67466735839844,76.11005401611328,79.2256,58.45119999999999,100.0,2344.04,4126.92,2.580400000000005,0.000338,19693.9,17.5759,0.0,19711.5,49.2,4.8017578125,3.17822265625,2.3310546875,16.0,6.7047119140625,4.7477264404296875,70.3,70.32670974731445,0.0,0.0,0.0,3.8847808837890625,63.0
2026-06-25T06:15:42.280900+00:00,macos,Nominal,0,78.19029235839844,75.98233795166016,80.0222,60.044399999999996,100.0,2242.58,4161.4,2.9410000000000047,0.000338,20808.5,20.9703,0.0,20829.5,48.2,4.8173828125,3.2080078125,2.3466796875,16.0,6.7149505615234375,4.744903564453125,70.3,70.34435272216797,0.0,0.0,0.0,3.8844757080078125,63.0
2026-06-25T06:15:47.288254+00:00,macos,Nominal,0,78.48995208740234,76.88451385498047,82.53075,65.0615,100.0,2374.63,4156.16,7.644600000000001,0.000338,21071.8,57.3206,0.0,21129.1,49.6,5.15185546875,3.3037109375,2.38525390625,16.0,6.8102874755859375,4.649810791015625,70.9,70.93868255615234,0.0,0.0,0.0,3.882568359375,63.0
2026-06-25T06:15:52.295521+00:00,macos,Nominal,0,77.57701110839844,76.24932098388672,85.71164999999999,71.4233,100.0,2475.3,4155.07,14.749500000000005,0.000338,20795.3,107.255,0.0,20902.5,49.9,5.1396484375,3.33154296875,2.400390625,16.0,6.7892913818359375,4.6744537353515625,70.8,70.78466415405273,0.0,0.0,0.0,3.8782501220703125,63.0
2026-06-25T06:15:57.303164+00:00,macos,Nominal,0,78.01618194580078,76.38451385498047,84.72524999999999,69.45049999999999,100.0,2406.02,4152.1,8.036900000000003,0.000338,21161.5,67.5053,0.0,21229.0,48.4,4.96826171875,3.32568359375,2.40380859375,16.0,6.694732666015625,4.7698516845703125,70.2,70.18842697143555,0.0,0.0,0.0,3.8759307861328125,63.0
2026-06-25T06:16:02.309638+00:00,macos,Nominal,0,78.25836944580078,76.64130401611328,81.3599,62.71979999999999,100.0,2136.84,4143.78,6.2782,0.000338,20348.7,56.7199,0.0,20405.4,49.7,5.05078125,3.36962890625,2.4248046875,16.0,6.7281341552734375,4.7430877685546875,70.4,70.3557014465332,0.0,0.0,0.0,3.86614990234375,63.0
2026-06-25T06:16:07.320670+00:00,macos,Nominal,0,67.95479583740234,70.46195983886719,84.2064,68.4128,100.0,2138.4,4124.23,8.445800000000004,0.000338,20062.9,81.8733,0.0,20144.8,29.3,5.12646484375,3.4130859375,2.4453125,16.0,6.4819793701171875,5.010650634765625,68.7,68.68343353271484,0.0,0.0,0.0,3.8432464599609375,63.0
2026-06-25T06:16:12.336920+00:00,macos,Nominal,0,62.23660659790039,64.81046295166016,84.590705,71.1361,98.04531,2542.39,4145.41,6.621999999999995,0.000338,20862.6,67.3066,0.0,20929.9,6.6,4.49169921875,3.3330078125,2.427734375,16.0,6.4681549072265625,5.030029296875,68.6,68.56231689453125,0.0,0.0,0.0,3.8371429443359375,63.0
2026-06-25T06:16:17.349904+00:00,macos,Nominal,0,59.49832534790039,61.746604919433594,33.928250000000006,46.3192,21.537300000000002,1278.72,3656.6,2.1735999999999978,0.000338,929.193,10.9763,0.0,940.17,9.6,4.49169921875,3.3330078125,2.427734375,16.0,6.624481201171875,4.8807830810546875,69.5,69.4951057434082,0.0,0.0,0.0,3.8344268798828125,63.0
2026-06-25T06:16:22.366118+00:00,macos,Nominal,0,56.65346145629883,58.84375,33.6947,44.4809,22.908499999999997,1361.72,3519.01,1.8850000000000033,0.000338,863.856,9.97064,0.0,873.827,9.5,4.2919921875,3.310546875,2.4248046875,16.0,6.6426544189453125,4.8612060546875,69.6,69.61746215820312,0.0,0.0,0.0,3.8332366943359375,63.0
2026-06-25T06:16:27.384047+00:00,macos,Nominal,0,55.18694305419922,57.04008102416992,41.684749999999994,56.358799999999995,27.0107,1619.18,3611.5,4.818199999999995,0.000338,1330.85,41.29,0.0,1372.14,12.8,4.0283203125,3.27197265625,2.416015625,16.0,6.685394287109375,4.821868896484375,69.9,69.86331939697266,0.0,0.0,0.0,3.831329345703125,63.0
2026-06-25T06:16:32.399269+00:00,macos,Nominal,0,52.81696319580078,54.6345100402832,47.8236,57.396800000000006,38.2504,1575.72,3594.93,3.276100000000004,0.000338,1697.09,14.9532,0.0,1712.04,7.6,3.63623046875,3.212890625,2.4052734375,16.0,6.574432373046875,4.9384918212890625,69.1,69.13442611694336,0.0,0.0,0.0,3.83062744140625,63.0
2026-06-25T06:16:37.411265+00:00,macos,Nominal,0,51.32310104370117,52.95380401611328,38.2694,53.6395,22.8993,1473.46,3864.59,7.676700000000003,0.000338,1321.75,55.2059,0.0,1376.96,10.9,3.5048828125,3.1923828125,2.40283203125,16.0,6.5535125732421875,4.95648193359375,69.0,69.02198791503906,0.0,0.0,0.0,3.82879638671875,63.0
2026-06-25T06:16:42.428690+00:00,macos,Nominal,0,49.84263229370117,51.4313850402832,39.919700000000006,58.83050000000001,21.008899999999997,1353.63,3802.09,7.1605000000000025,0.000338,890.45,46.8553,0.0,937.305,8.5,3.62451171875,3.22216796875,2.41796875,16.0,6.5722503662109375,4.943359375,69.1,69.10400390625,0.0,0.0,0.0,3.8282928466796875,63.0
2026-06-25T06:16:47.442886+00:00,macos,Nominal,0,48.60100555419922,50.11616897583008,37.4045,53.0126,21.796400000000006,1351.22,3807.3,2.7723000000000053,0.000338,1000.52,16.1568,0.0,1016.68,8.5,3.333984375,3.16845703125,2.4033203125,16.0,6.5269012451171875,4.9856109619140625,68.8,68.83993148803711,0.0,0.0,0.0,3.8281402587890625,63.0
2026-06-25T06:16:52.457081+00:00,macos,Nominal,0,47.5078125,48.91372299194336,37.1123,52.169599999999996,22.055000000000003,1388.21,3833.02,2.2904000000000035,0.000338,886.262,9.56828,0.0,895.83,9.1,3.333984375,3.16845703125,2.4033203125,16.0,6.6536407470703125,4.865509033203125,69.6,69.59056854248047,0.0,0.0,0.0,3.8275604248046875,63.0
2026-06-25T06:16:57.474557+00:00,macos,Nominal,0,48.90569305419922,49.35869598388672,36.93475,51.612700000000004,22.2568,1393.55,3723.29,2.723600000000004,0.000338,936.968,13.5561,0.0,950.524,12.0,3.46728515625,3.19873046875,2.41845703125,16.0,6.7851715087890625,4.720367431640625,70.5,70.4977035522461,0.0,0.0,0.0,3.8272705078125,63.0
2026-06-25T06:17:02.490270+00:00,macos,Nominal,0,46.13393020629883,47.35869598388672,38.41145,53.455200000000005,23.367700000000003,1509.22,3719.63,3.6483000000000043,0.000338,911.487,16.1519,0.0,927.639,8.1,3.349609375,3.1787109375,2.41552734375,16.0,6.736419677734375,4.7739715576171875,70.2,70.16267776489258,0.0,0.0,0.0,3.82708740234375,63.0
2026-06-25T06:17:07.507032+00:00,macos,Nominal,0,45.35602569580078,46.38315200805664,42.81265,51.53639999999999,34.0889,1452.05,3780.65,3.1927999999999956,0.000338,2257.22,12.5567,0.0,2269.78,11.0,3.1416015625,3.13916015625,2.41064453125,16.0,6.660125732421875,4.85516357421875,69.7,69.65522766113281,0.0,0.0,0.0,3.8268280029296875,63.0
2026-06-25T06:17:12.523953+00:00,macos,Nominal,0,44.44586944580078,45.51630401611328,45.02915,61.4019,28.656400000000005,1576.46,3297.85,8.076700000000002,0.000338,1062.51,33.0851,0.0,1095.6,6.0,3.0498046875,3.1201171875,2.408203125,16.0,6.6763916015625,4.83367919921875,69.8,69.78950500488281,0.0,0.0,0.0,3.826324462890625,63.0
2026-06-25T06:17:17.541912+00:00,macos,Nominal,0,43.77566909790039,44.887229919433594,33.53915,45.6315,21.4468,1250.48,3880.22,2.0287000000000055,0.000338,802.305,8.57334,0.0,810.878,7.0,2.88525390625,3.08447265625,2.39990234375,16.0,6.6241912841796875,4.8940277099609375,69.4,69.41232681274414,0.0,0.0,0.0,3.8227996826171875,63.0
2026-06-25T06:17:22.559078+00:00,macos,Nominal,0,43.29520034790039,44.35054397583008,31.260549999999995,42.7176,19.803499999999996,1201.14,3885.23,1.219899999999996,0.000338,823.835,2.5913,0.0,826.426,8.8,2.73388671875,3.0498046875,2.3916015625,16.0,6.756561279296875,4.7689971923828125,70.2,70.19376754760742,0.0,0.0,0.0,3.814300537109375,63.0
2026-06-25T06:17:27.574608+00:00,macos,Nominal,0,42.67633819580078,43.88926696777344,30.8482,42.4045,19.291899999999995,1208.19,3906.64,0.9135000000000004,0.000338,777.82,1.5943,0.0,779.414,6.2,2.6748046875,3.0322265625,2.38916015625,16.0,6.62158203125,4.9043426513671875,69.3,69.34785842895508,0.0,0.0,0.0,3.8142242431640625,63.0
2026-06-25T06:17:32.593191+00:00,macos,Nominal,0,42.13727569580078,43.25,36.7529,48.4688,25.037,1274.75,3995.22,2.391399999999999,0.000338,1009.02,11.1626,0.0,1020.19,5.7,2.54052734375,2.998046875,2.380859375,16.0,6.7005462646484375,4.82513427734375,69.8,69.84291076660156,0.0,0.0,0.0,3.8130035400390625,63.0
2026-06-25T06:17:37.608673+00:00,macos,Nominal,0,41.76227569580078,42.703125,30.60925,42.1966,19.021900000000002,1306.26,3961.81,1.347100000000001,0.000338,780.271,3.38902,0.398708,784.059,7.1,2.4970703125,2.9814453125,2.37841796875,16.0,6.6159820556640625,4.9125213623046875,69.3,69.2967414855957,0.0,0.0,0.0,3.8128204345703125,63.0
2026-06-25T06:17:42.623515+00:00,macos,Nominal,0,41.48772430419922,42.31929397583008,29.259300000000003,40.622400000000006,17.896199999999997,1212.27,4021.37,1.109899999999997,0.000338,738.185,1.99294,0.0,740.178,8.8,2.45703125,2.96484375,2.3759765625,16.0,6.6836395263671875,4.8376312255859375,69.8,69.76480484008789,0.0,0.0,0.0,3.811767578125,63.0
2026-06-25T06:17:47.636021+00:00,macos,Nominal,0,41.17522430419922,41.9436149597168,40.389250000000004,52.768100000000004,28.0104,1480.73,3349.91,5.747199999999997,0.000338,921.952,35.8814,0.0,957.834,8.5,2.42041015625,2.94873046875,2.37353515625,16.0,6.5602874755859375,4.9621124267578125,69.0,68.98679733276367,0.0,0.0,0.0,3.81134033203125,63.0
2026-06-25T06:17:52.641928+00:00,macos,Nominal,0,41.23214340209961,41.917118072509766,39.8518,52.5374,27.166199999999996,1422.97,3492.6,4.770200000000003,0.000338,1058.24,22.5327,0.0,1080.77,8.1,2.42041015625,2.94873046875,2.37353515625,16.0,6.7573089599609375,4.8102569580078125,69.9,69.93589401245117,0.0,0.0,0.0,3.77545166015625,63.0
2026-06-25T06:17:57.656570+00:00,macos,Nominal,0,40.47488784790039,41.375,34.1455,45.469,22.822,1344.95,3811.83,2.4532,0.000338,970.327,9.97253,0.0,980.299,5.6,2.20166015625,2.8837890625,2.35693359375,16.0,6.5538177490234375,5.0063629150390625,68.7,68.71023178100586,0.0,0.0,0.0,3.775177001953125,63.0
2026-06-25T06:18:02.669237+00:00,macos,Nominal,0,40.32700729370117,41.080162048339844,33.088449999999995,45.642799999999994,20.5341,1314.95,4064.91,2.8178999999999954,0.000338,1180.82,12.3813,0.0,1193.2,7.2,2.20166015625,2.8837890625,2.35693359375,16.0,6.78741455078125,4.780426025390625,70.1,70.1223373413086,0.0,0.0,0.0,3.7730560302734375,63.0
2026-06-25T06:18:07.683690+00:00,macos,Nominal,0,39.88783645629883,40.682743072509766,28.7208,38.8467,18.594900000000003,1227.12,3955.23,0.5081000000000002,0.000338,757.834,1.19689,0.0,759.031,8.3,2.1572265625,2.853515625,2.35205078125,16.0,6.7494049072265625,4.8116455078125,69.9,69.92721557617188,0.0,0.0,0.0,3.7722625732421875,63.0
2026-06-25T06:18:12.698098+00:00,macos,Nominal,0,42.86383819580078,42.357337951660156,37.79915,51.985499999999995,23.6128,1380.58,3668.57,3.4471999999999947,0.000338,967.349,16.3585,0.0,983.707,25.3,2.1572265625,2.853515625,2.35205078125,16.0,6.8091888427734375,4.7630615234375,70.2,70.23086547851562,0.0,0.0,0.0,3.771209716796875,63.0
2026-06-25T06:18:17.707018+00:00,macos,Nominal,0,42.35993194580078,43.01630401611328,38.95115,50.7285,27.173800000000004,1476.28,3292.03,3.635100000000002,0.000338,915.388,19.9431,0.0,935.331,23.7,2.625,2.9384765625,2.384765625,16.0,6.68878173828125,4.80023193359375,70.0,69.99855041503906,0.0,0.0,0.0,3.84967041015625,63.0
2026-06-25T06:18:22.721498+00:00,macos,Nominal,0,41.15569305419922,41.942935943603516,84.79455,82.8176,86.7715,1826.39,4190.84,8.194199999999995,0.000338,6402.24,49.2603,0.0,6451.5,7.2,2.6083984375,2.923828125,2.3857421875,16.0,6.82891845703125,4.6600189208984375,70.9,70.87488174438477,0.0,0.0,0.0,3.8486785888671875,63.0
2026-06-25T06:18:27.728638+00:00,macos,Nominal,0,44.42689895629883,44.27309799194336,38.9277,52.0613,25.794099999999997,1509.24,3791.28,7.224900000000001,0.000338,1224.32,47.9031,0.0,1272.23,13.3,2.6083984375,2.923828125,2.3857421875,16.0,6.6979522705078125,4.79876708984375,70.0,70.00770568847656,0.0,0.0,0.0,3.84832763671875,63.0
2026-06-25T06:18:32.741587+00:00,macos,Nominal,0,41.40848159790039,41.890625,50.178900000000006,51.66420000000001,48.6936,1532.85,3751.83,4.0178999999999965,0.000338,2249.71,18.3552,0.0,2268.07,6.1,2.58154296875,2.90869140625,2.38671875,16.0,6.5299530029296875,4.963653564453125,69.0,68.97716522216797,0.0,0.0,0.0,3.8480377197265625,63.0
2026-06-25T06:18:37.754258+00:00,macos,Nominal,0,48.5234375,46.37635803222656,39.94515,46.71340000000001,33.176899999999996,1220.38,4145.0,1.6685999999999979,0.000338,2505.58,5.98848,0.0,2511.57,22.7,2.58154296875,2.90869140625,2.38671875,16.0,6.807952880859375,4.6781005859375,70.8,70.76187133789062,0.0,0.0,0.0,3.846588134765625,63.0
2026-06-25T06:18:42.761614+00:00,macos,Nominal,0,55.01506805419922,52.526493072509766,30.154799999999998,40.692099999999996,19.6175,1296.27,3863.49,0.7068999999999992,0.000338,798.627,2.19458,0.0,800.821,47.2,2.93505859375,2.9765625,2.41357421875,16.0,6.829620361328125,4.6572418212890625,70.9,70.89223861694336,0.0,0.0,0.0,3.8459320068359375,63.0
2026-06-25T06:18:47.767554+00:00,macos,Nominal,0,59.89676284790039,57.13994598388672,76.76373000000001,55.0305,98.49696,2084.75,4227.25,2.4811999999999945,0.000338,18533.3,11.7706,0.0,18545.1,51.4,3.10009765625,3.009765625,2.4287109375,16.0,6.65142822265625,4.7873382568359375,70.1,70.07913589477539,0.0,0.0,0.0,3.9039459228515625,63.0
2026-06-25T06:18:52.775491+00:00,macos,Nominal,0,63.73772430419922,60.934104919433594,85.25065000000001,70.5013,100.0,2626.82,4248.21,4.601900000000003,0.000338,20407.1,18.1711,0.0,20425.3,47.7,3.33203125,3.05908203125,2.44921875,16.0,6.6733856201171875,4.7647857666015625,70.2,70.22008895874023,0.0,0.0,0.0,3.903411865234375,63.0
2026-06-25T06:18:57.782144+00:00,macos,Nominal,0,66.07254791259766,63.736412048339844,79.51635,59.032700000000006,100.0,2078.6,4248.24,3.1259999999999954,0.000338,19632.2,21.5701,0.0,19653.7,48.6,3.54541015625,3.107421875,2.4697265625,16.0,6.668426513671875,4.7717132568359375,70.2,70.17679214477539,0.0,0.0,0.0,3.9027557373046875,63.0
2026-06-25T06:19:02.790203+00:00,macos,Nominal,0,69.75167083740234,67.42391204833984,82.0527,64.1054,100.0,1914.9,4248.31,8.128999999999998,0.000338,21214.6,61.7133,0.0,21276.3,46.4,3.66162109375,3.138671875,2.484375,16.0,6.5496826171875,4.8878021240234375,69.5,69.45123672485352,0.0,0.0,0.0,3.902618408203125,62.0
2026-06-25T06:19:07.795762+00:00,macos,Nominal,0,70.99274444580078,68.85326385498047,78.11965,56.23929999999999,100.0,2181.73,4243.82,3.8449999999999984,0.000338,21031.2,25.166,0.0,21056.4,46.1,3.6884765625,3.15283203125,2.4931640625,16.0,6.5522308349609375,4.8898773193359375,69.4,69.43826675415039,0.0,0.0,0.0,3.9005126953125,62.0
2026-06-25T06:19:12.802126+00:00,macos,Nominal,0,71.76953125,69.1127700805664,78.4559,56.9118,100.0,2132.76,4235.83,2.2965000000000013,0.000338,20900.5,13.3794,0.0,20913.9,50.9,3.79345703125,3.18310546875,2.5078125,16.0,6.860595703125,4.574462890625,71.4,71.40960693359375,0.0,0.0,0.0,3.9053955078125,62.0
2026-06-25T06:19:17.810851+00:00,macos,Nominal,0,73.72321319580078,71.35665893554688,76.0591,52.1182,100.0,2268.97,4246.14,2.441199999999999,0.000338,21530.6,15.7809,0.0,21546.3,51.6,4.6103515625,3.3623046875,2.57470703125,16.0,6.607452392578125,4.6730194091796875,70.8,70.79362869262695,0.0,0.0,0.0,4.0601043701171875,62.0
2026-06-25T06:19:22.817567+00:00,macos,Nominal,0,74.86048889160156,71.84986114501953,85.97800000000001,71.956,100.0,2610.27,4211.02,18.997699999999995,0.000401639,22009.2,255.256,3.1957,22267.6,56.1,4.88134765625,3.43896484375,2.6064453125,16.0,6.639007568359375,4.6297607421875,71.1,71.06399536132812,0.0,0.0,0.0,4.0687713623046875,62.0
2026-06-25T06:19:27.823840+00:00,macos,Nominal,0,75.27678680419922,73.18614196777344,90.76615000000001,81.5323,100.0,2240.31,4221.77,10.0275,0.000338,21365.4,64.699,0.0,21430.1,51.1,4.970703125,3.4814453125,2.6259765625,16.0,6.489044189453125,4.7031097412109375,70.6,70.60556411743164,0.0,0.0,0.0,4.1443939208984375,62.0
2026-06-25T06:19:32.831589+00:00,macos,Nominal,0,76.06696319580078,73.8716049194336,88.9746,77.94919999999999,100.0,2386.69,4220.58,27.085700000000003,0.000373745,21986.5,163.361,0.0,22149.8,47.4,4.892578125,3.48974609375,2.6337890625,16.0,6.588470458984375,4.606048583984375,71.2,71.21219635009766,0.0,0.0,0.0,4.140716552734375,62.0
2026-06-25T06:19:37.839355+00:00,macos,Nominal,0,76.2890625,74.68682098388672,81.35495,62.709900000000005,100.0,2305.7,4198.74,9.5808,0.000338,20969.8,74.2981,0.0,21044.1,46.7,4.90087890625,3.5146484375,2.6474609375,16.0,6.567230224609375,4.63525390625,71.0,71.0296630859375,0.0,0.0,0.0,4.1392059326171875,62.0
2026-06-25T06:19:42.846495+00:00,macos,Nominal,0,76.65345764160156,75.1012191772461,79.2028,58.4056,100.0,2115.44,4159.4,11.125600000000002,0.000338,20326.1,93.4534,0.0,20419.6,46.6,4.98876953125,3.5556640625,2.6669921875,16.0,6.5210113525390625,4.6832427978515625,70.7,70.72973251342773,0.0,0.0,0.0,4.1344146728515625,62.0
2026-06-25T06:19:47.853423+00:00,macos,Nominal,0,77.21372985839844,75.69701385498047,79.44704999999999,58.894099999999995,100.0,2055.15,4185.59,5.7711999999999986,0.000338,21102.9,52.9266,0.0,21155.9,47.4,4.9091796875,3.56298828125,2.67431640625,16.0,6.6526031494140625,4.557769775390625,71.5,71.5139389038086,0.0,0.0,0.0,4.1318359375,62.0
2026-06-25T06:19:52.863761+00:00,macos,Nominal,0,77.69866180419922,76.11005401611328,79.4435,58.887,100.0,2208.72,4184.25,2.839499999999995,0.000338,21129.5,17.9747,0.0,21147.4,48.1,4.8359375,3.56982421875,2.681640625,16.0,6.6492767333984375,4.56890869140625,71.4,71.44432067871094,0.0,0.0,0.0,4.121734619140625,62.0
2026-06-25T06:19:57.865641+00:00,macos,Nominal,0,77.72042083740234,76.2846450805664,81.0599,62.11979999999999,100.0,2411.8,4126.65,3.5116999999999954,0.000338,20018.0,20.9707,0.0,20039.0,46.9,5.0087890625,3.62646484375,2.70654296875,16.0,6.609710693359375,4.6028289794921875,71.2,71.23231887817383,0.0,0.0,0.0,4.117218017578125,62.0
2026-06-25T06:20:02.873628+00:00,macos,Nominal,0,77.73102569580078,76.50067901611328,78.98655,57.9731,100.0,2325.92,4174.69,4.450699999999996,0.000338,20889.0,28.3649,0.0,20917.3,46.2,4.927734375,3.63232421875,2.7138671875,16.0,6.6601715087890625,4.55816650390625,71.5,71.51145935058594,0.0,0.0,0.0,4.11688232421875,62.0
2026-06-25T06:20:07.880564+00:00,macos,Nominal,0,78.44364166259766,76.72554016113281,77.46775,54.935500000000005,100.0,2279.09,4145.11,3.579600000000005,0.000338,21011.2,23.767,0.0,21035.0,47.6,4.93310546875,3.65478515625,2.72705078125,16.0,6.6522979736328125,4.5697174072265625,71.4,71.43926620483398,0.0,0.0,0.0,4.11553955078125,62.0
2026-06-25T06:20:12.887463+00:00,macos,Nominal,0,77.69029235839844,76.45923614501953,76.6721,53.3442,100.0,2224.48,4103.42,2.959999999999996,0.000338,19772.1,18.3741,0.0,19790.5,46.9,5.09814453125,3.7099609375,2.751953125,16.0,6.5853424072265625,4.6336517333984375,71.0,71.03967666625977,0.0,0.0,0.0,4.1149749755859375,62.0
2026-06-25T06:20:17.895118+00:00,macos,Nominal,0,77.77455139160156,76.83967590332031,81.9111,63.82220000000001,100.0,2384.33,4155.98,7.285200000000003,0.000338,20636.3,46.735,0.0,20683.0,46.2,5.009765625,3.71435546875,2.7587890625,16.0,6.5883331298828125,4.6302642822265625,71.1,71.06084823608398,0.0,0.0,0.0,4.114044189453125,61.0
2026-06-25T06:20:22.900816+00:00,macos,Nominal,0,78.42689514160156,77.1059799194336,78.25325,56.506499999999996,100.0,2279.68,4142.9,3.8378000000000023,0.000338,20794.4,22.569,0.0,20817.0,47.4,5.0888671875,3.751953125,2.77734375,16.0,6.669158935546875,4.5477447509765625,71.6,71.57659530639648,0.0,0.0,0.0,4.1122283935546875,61.0
2026-06-25T06:20:27.908253+00:00,macos,Nominal,0,78.99497985839844,77.57948303222656,77.91274999999999,55.82549999999999,100.0,2267.61,4112.41,3.1221000000000054,0.000338,19947.7,18.7717,0.0,19966.4,56.0,5.16162109375,3.7890625,2.7958984375,16.0,6.6096343994140625,4.4430999755859375,72.2,72.23062515258789,0.0,0.0,0.0,4.2840576171875,61.0
2026-06-25T06:20:32.915799+00:00,macos,Nominal,0,78.57198333740234,77.20380401611328,89.72575,79.4515,100.0,2758.93,4133.61,7.603400000000004,0.000338,21559.6,60.1185,0.0,21619.7,48.3,5.1484375,3.80908203125,2.80859375,16.0,6.5795135498046875,4.4693450927734375,72.1,72.06659317016602,0.0,0.0,0.0,4.2996673583984375,61.0
2026-06-25T06:20:37.921460+00:00,macos,Nominal,0,78.86272430419922,77.3206558227539,83.79065,67.5813,100.0,2334.72,4104.32,12.248499999999996,0.000338,20794.3,119.831,0.0,20914.2,47.6,5.13623046875,3.82861328125,2.8212890625,16.0,6.6006317138671875,4.443145751953125,72.2,72.23033905029297,0.0,0.0,0.0,4.298736572265625,61.0
2026-06-25T06:20:42.929249+00:00,macos,Nominal,0,78.70647430419922,77.01630401611328,79.8561,59.712199999999996,100.0,2177.61,4064.96,8.659300000000004,0.000338,19090.2,98.0636,0.0,19188.3,50.2,5.365234375,3.8974609375,2.8515625,16.0,6.606048583984375,4.4349517822265625,72.3,72.28155136108398,0.0,0.0,0.0,4.2977294921875,61.0
2026-06-25T06:20:47.936180+00:00,macos,Nominal,0,78.74888610839844,77.49524688720703,85.4368,70.87360000000001,100.0,2514.89,4134.24,16.994799999999998,0.000338,20707.3,116.644,0.0,20824.0,48.7,5.416015625,3.93212890625,2.86962890625,16.0,6.5127716064453125,4.5688323974609375,71.4,71.44479751586914,0.0,0.0,0.0,4.2645721435546875,61.0
2026-06-25T06:20:52.951144+00:00,macos,Nominal,0,65.24609375,67.97962188720703,81.45805,62.91610000000001,100.0,2400.14,4146.84,10.953999999999997,0.000338,21128.0,76.6963,0.0,21204.7,16.5,5.38232421875,3.94970703125,2.8818359375,16.0,6.315093994140625,4.761566162109375,70.2,70.2402114868164,0.0,0.0,0.0,4.26043701171875,61.0
2026-06-25T06:20:57.963286+00:00,macos,Nominal,0,61.34709930419922,63.862770080566406,66.80285,62.16459999999999,71.4411,2275.27,3894.5,6.709699999999996,0.000345545,13004.9,60.1152,0.0,13065.0,8.0,5.02197265625,3.91796875,2.8828125,16.0,6.3975982666015625,4.6822509765625,70.7,70.73593139648438,0.0,0.0,0.0,4.2596588134765625,61.0
2026-06-25T06:21:02.976875+00:00,macos,Nominal,0,58.91461944580078,61.18002700805664,41.0421,52.931799999999996,29.1524,1688.48,3234.87,7.200300000000004,0.00033814,1086.74,60.2413,0.0,1146.98,12.3,5.02197265625,3.91796875,2.8828125,16.0,6.3628082275390625,4.7173309326171875,70.5,70.51668167114258,0.0,0.0,0.0,4.2585601806640625,61.0
2026-06-25T06:21:07.989219+00:00,macos,Nominal,0,58.76674270629883,60.182743072509766,39.75425,49.8491,29.6594,1509.12,3248.37,6.635299999999999,0.000338,1056.06,66.0286,0.0,1122.09,13.8,4.77978515625,3.8857421875,2.87744140625,16.0,6.0924530029296875,5.0365142822265625,68.5,68.52178573608398,0.0,0.0,0.0,4.2119903564453125,61.0
2026-06-25T06:21:13.002083+00:00,macos,Nominal,0,54.67522430419922,56.63994598388672,49.7136,64.4439,34.98329999999999,1787.54,3304.14,14.022100000000004,0.000338,1565.65,85.3735,0.0,1651.02,8.6,4.2783203125,3.806640625,2.86083984375,16.0,5.9284515380859375,5.216552734375,67.4,67.39654541015625,0.0,0.0,0.0,4.19970703125,61.0
2026-06-25T06:21:18.012911+00:00,macos,Nominal,0,53.01729965209961,54.707881927490234,49.3908,58.5862,40.19540000000001,1678.63,3106.48,16.5261,0.000338,1851.13,124.286,0.0,1975.41,7.0,4.095703125,3.7763671875,2.85546875,16.0,5.9530487060546875,5.189697265625,67.6,67.56439208984375,0.0,0.0,0.0,4.1937255859375,61.0
2026-06-25T06:21:23.026368+00:00,macos,Nominal,0,52.49330520629883,53.85122299194336,32.352,41.6538,23.050199999999997,1273.2,3611.44,2.308699999999997,0.000338,865.965,9.57529,0.0,875.54,10.9,4.095703125,3.7763671875,2.85546875,16.0,6.2670135498046875,4.8827362060546875,69.5,69.4828987121582,0.0,0.0,0.0,4.1822357177734375,61.0
2026-06-25T06:21:28.042279+00:00,macos,Nominal,0,50.73995590209961,52.19157791137695,36.93605,47.9759,25.896200000000004,1413.58,3579.98,4.833900000000002,0.000338,1035.84,20.9523,0.0,1056.8,12.1,3.767578125,3.71337890625,2.83837890625,16.0,6.2607574462890625,5.022491455078125,68.6,68.60942840576172,0.0,0.0,0.0,4.0543212890625,61.0
2026-06-25T06:21:33.054880+00:00,macos,Nominal,0,51.66238784790039,52.25,51.19255,66.6634,35.7217,1789.83,3292.19,26.5092,0.000347244,1433.75,162.187,0.0,1595.94,14.1,3.5458984375,3.66796875,2.8271484375,16.0,6.3672332763671875,5.01373291015625,68.7,68.66416931152344,0.0,0.0,0.0,3.9490814208984375,61.0
2026-06-25T06:21:38.069543+00:00,macos,Nominal,0,49.33426284790039,50.752037048339844,55.1953,64.348,46.0426,1972.75,3042.01,29.408299999999997,0.000338,1615.51,161.71,0.0,1777.22,13.9,3.341796875,3.62353515625,2.81640625,16.0,6.3223876953125,5.150360107421875,67.8,67.81024932861328,0.0,0.0,0.0,3.863128662109375,61.0
2026-06-25T06:21:43.081543+00:00,macos,Nominal,0,54.12165069580078,51.87635803222656,58.99815,61.8455,56.150800000000004,2031.92,3366.85,29.405899999999995,0.000338,3277.91,204.67,0.0,3482.58,27.6,3.31396484375,3.61279296875,2.8173828125,16.0,6.7339630126953125,4.75347900390625,70.3,70.29075622558594,0.0,0.0,0.0,3.8488006591796875,61.0
2026-06-25T06:21:48.097298+00:00,macos,Nominal,0,52.97098159790039,53.362091064453125,46.60425000000001,61.53580000000001,31.6727,1659.98,3350.6,19.3496,0.000338,1179.85,80.1726,0.0,1260.03,18.9,3.44873046875,3.6357421875,2.830078125,16.0,6.7241973876953125,4.766998291015625,70.2,70.20626068115234,0.0,0.0,0.0,3.846527099609375,61.0
2026-06-25T06:21:53.109215+00:00,macos,Nominal,0,50.76227569580078,51.83695602416992,76.92935,78.2161,75.6426,2501.67,4045.92,42.2083,0.000347502,11315.3,492.777,3.19207,11811.3,12.3,3.49267578125,3.6416015625,2.8369140625,16.0,6.6930389404296875,4.7996978759765625,70.0,70.00188827514648,0.0,0.0,0.0,3.8464813232421875,61.0
2026-06-25T06:21:58.121347+00:00,macos,Nominal,0,49.66908645629883,50.88383102416992,57.787549999999996,56.4144,59.1607,1795.73,3842.37,23.059399999999997,0.000338,3886.42,233.716,0.0,4120.14,11.3,3.373046875,3.6142578125,2.83154296875,16.0,6.7596435546875,4.730438232421875,70.4,70.43476104736328,0.0,0.0,0.0,3.845428466796875,61.0
2026-06-25T06:22:03.140886+00:00,macos,Nominal,0,51.93638229370117,50.896060943603516,51.2193,50.2142,52.224399999999996,1669.26,3719.14,14.626099999999997,0.000338,3013.93,143.007,0.0,3156.93,21.7,4.3369140625,3.80859375,2.9091796875,16.0,6.7484283447265625,4.78167724609375,70.1,70.11451721191406,0.0,0.0,0.0,3.809234619140625,61.0
2026-06-25T06:22:08.155837+00:00,macos,Nominal,0,49.46875,50.619564056396484,52.78165,71.2432,34.3201,1843.06,3500.85,20.3476,0.000350711,1715.92,109.128,0.0,1825.05,21.7,4.3369140625,3.80859375,2.9091796875,16.0,6.7841644287109375,4.843505859375,69.7,69.72808837890625,0.0,0.0,0.0,3.7069854736328125,61.0
2026-06-25T06:22:13.171031+00:00,macos,Nominal,0,47.49944305419922,48.82948303222656,71.8689,79.571,64.1668,2182.95,3795.1,30.5754,0.000345745,6653.46,351.179,2.59099,7007.23,7.4,4.05078125,3.7646484375,2.904296875,16.0,6.740478515625,4.897979736328125,69.4,69.38762664794922,0.0,0.0,0.0,3.700531005859375,61.0
2026-06-25T06:22:18.179845+00:00,macos,Nominal,0,49.02176284790039,49.671875,39.576499999999996,50.4417,28.711299999999994,1759.08,3500.91,15.720199999999995,0.000338,1357.0,97.2988,0.0,1454.3,17.1,4.05078125,3.7646484375,2.904296875,16.0,6.883453369140625,4.7742919921875,70.2,70.16067504882812,0.0,0.0,0.0,3.6779327392578125,61.0
2026-06-25T06:22:23.196991+00:00,macos,Nominal,0,46.80691909790039,48.012229919433594,49.426100000000005,57.6036,41.2486,1696.63,3692.54,15.4698,0.000364182,2673.97,114.846,0.0,2788.82,11.6,3.888671875,3.7392578125,2.9052734375,16.0,6.7300872802734375,4.9268951416015625,69.2,69.20690536499023,0.0,0.0,0.0,3.6814117431640625,61.0
2026-06-25T06:22:28.209193+00:00,macos,Nominal,0,45.63783645629883,46.739810943603516,58.760349999999995,66.5012,51.019499999999994,1792.91,3529.68,32.445299999999996,0.000362298,2683.65,287.248,0.0,2970.9,10.1,3.6572265625,3.693359375,2.89404296875,16.0,6.65899658203125,4.9995880126953125,68.8,68.7525749206543,0.0,0.0,0.0,3.6798248291015625,61.0
2026-06-25T06:22:33.228428+00:00,macos,Nominal,0,44.74106979370117,45.77989196777344,42.11505,59.07169999999999,25.158400000000004,1552.47,3487.76,4.024000000000005,0.000338,1095.29,11.7623,0.0,1107.05,8.2,3.4443359375,3.6484375,2.8828125,16.0,6.73089599609375,4.92803955078125,69.2,69.19975280761719,0.0,0.0,0.0,3.6777191162109375,61.0
2026-06-25T06:22:38.244093+00:00,macos,Nominal,0,44.09096145629883,45.182064056396484,40.6268,59.1083,22.145300000000002,1344.19,3667.94,3.2514000000000043,0.000338,890.897,9.37576,0.0,900.273,9.6,3.24853515625,3.60400390625,2.87158203125,16.0,6.769287109375,4.9001617431640625,69.4,69.37398910522461,0.0,0.0,0.0,3.676666259765625,61.0
2026-06-25T06:22:43.259407+00:00,macos,Nominal,0,43.40066909790039,44.48029708862305,38.991,55.201100000000004,22.780900000000003,1471.82,3615.89,2.3746999999999963,0.000338,984.295,6.17925,0.0,990.474,8.4,3.068359375,3.560546875,2.8603515625,16.0,6.6048736572265625,5.053680419921875,68.4,68.41449737548828,0.0,0.0,0.0,3.676513671875,61.0
2026-06-25T06:22:48.277000+00:00,macos,Nominal,0,42.76785659790039,44.00135803222656,39.51405,57.481399999999994,21.546699999999998,1450.54,3740.13,4.135100000000003,0.000338,891.661,14.7481,0.0,906.409,7.8,2.90234375,3.517578125,2.84912109375,16.0,6.5821990966796875,5.0754852294921875,68.3,68.27821731567383,0.0,0.0,0.0,3.6764678955078125,61.0
2026-06-25T06:22:53.294194+00:00,macos,Nominal,0,42.24386215209961,43.453125,36.9197,53.3247,20.514699999999998,1175.47,3765.97,0.9492999999999974,0.000338,817.398,4.38604,0.0,821.784,10.2,2.669921875,3.458984375,2.83203125,16.0,6.70343017578125,4.9729156494140625,68.9,68.91927719116211,0.0,0.0,0.0,3.6640167236328125,61.0
2026-06-25T06:22:58.308976+00:00,macos,Nominal,0,42.26339340209961,43.29551696777344,34.919700000000006,51.87930000000001,17.9601,1162.58,3984.18,0.4144999999999954,0.000338,781.936,1.59457,0.0,783.531,14.2,2.669921875,3.458984375,2.83203125,16.0,6.8194427490234375,4.86517333984375,69.6,69.59266662597656,0.0,0.0,0.0,3.6630859375,61.0
2026-06-25T06:23:03.327359+00:00,macos,Nominal,0,41.70981979370117,42.64198303222656,50.313700000000004,73.58970000000001,27.037699999999997,1501.74,3289.52,12.493200000000005,0.000338,1068.93,35.8769,0.0,1104.81,8.7,2.56005859375,3.41015625,2.822265625,16.0,6.71307373046875,4.9706268310546875,68.9,68.9335823059082,0.0,0.0,0.0,3.662841796875,61.0
2026-06-25T06:23:08.340095+00:00,macos,Nominal,0,41.65290069580078,42.480979919433594,48.7137,65.1041,32.323299999999996,1815.35,3340.71,16.460399999999996,0.000338,1175.49,88.9193,0.0,1264.41,10.9,2.51513671875,3.38671875,2.8173828125,16.0,6.6849822998046875,5.0760498046875,68.3,68.27468872070312,0.0,0.0,0.0,3.57550048828125,61.0
2026-06-25T06:23:13.356979+00:00,macos,Nominal,0,41.40401840209961,42.143341064453125,38.1246,51.8594,24.389799999999994,1348.29,3584.14,4.791400000000001,0.000338,1043.96,30.095,0.0,1074.05,9.2,2.3935546875,3.3466796875,2.806640625,16.0,6.674713134765625,5.0853118896484375,68.2,68.21680068969727,0.0,0.0,0.0,3.5750579833984375,61.0
2026-06-25T06:23:18.374128+00:00,macos,Nominal,0,40.79185104370117,41.65557098388672,42.22200000000001,60.12660000000001,24.3174,1562.92,3740.69,13.446499999999995,0.000341926,1013.19,107.701,0.0,1120.89,9.7,2.20166015625,3.291015625,2.7900390625,16.0,6.54730224609375,5.21966552734375,67.4,67.37709045410156,0.0,0.0,0.0,3.57171630859375,61.0
2026-06-25T06:23:23.392108+00:00,macos,Nominal,0,40.38839340209961,41.3125,40.28335,59.193200000000004,21.3735,1386.38,3845.81,3.6479999999999957,0.000338,1104.82,26.7085,0.0,1131.52,6.9,2.26513671875,3.2861328125,2.791015625,16.0,6.491912841796875,5.2847747802734375,67.0,66.97015762329102,0.0,0.0,0.0,3.5717010498046875,61.0
2026-06-25T06:23:28.408313+00:00,macos,Nominal,0,40.1015625,40.942256927490234,33.837599999999995,49.592099999999995,18.083099999999995,1154.32,4039.19,0.8163999999999949,0.000338,775.715,1.19617,0.0,776.911,7.1,2.16357421875,3.248046875,2.7802734375,16.0,6.473175048828125,5.29583740234375,66.9,66.90101623535156,0.0,0.0,0.0,3.5716400146484375,61.0
2026-06-25T06:23:33.424760+00:00,macos,Nominal,0,39.83984375,40.62567901611328,33.953300000000006,49.3858,18.520800000000005,1133.04,3940.79,0.7986999999999966,0.000338,782.133,1.19592,0.0,783.329,7.5,2.23046875,3.24365234375,2.78125,16.0,6.5226593017578125,5.2471771240234375,67.2,67.20514297485352,0.0,0.0,0.0,3.5716094970703125,61.0
2026-06-25T06:23:38.430128+00:00,macos,Nominal,0,49.64899444580078,47.04755401611328,35.830299999999994,49.1626,22.497999999999998,1199.53,3740.21,0.844900000000004,0.000338,916.276,1.19592,0.0,917.472,37.1,2.23046875,3.24365234375,2.78125,16.0,6.86309814453125,4.8984527587890625,69.4,69.38467025756836,0.0,0.0,0.0,3.571319580078125,61.0
2026-06-25T06:23:43.436967+00:00,macos,Nominal,0,59.75055694580078,55.1501350402832,46.837199999999996,51.865899999999996,41.8085,1362.18,4147.0,0.8850000000000025,0.000338,5505.6,1.39529,0.0,5507.0,55.1,2.4521484375,3.2724609375,2.7939453125,16.0,7.022857666015625,4.749420166015625,70.3,70.31612396240234,0.0,0.0,0.0,3.5595855712890625,61.0
2026-06-25T06:23:48.443597+00:00,macos,Nominal,0,63.54018020629883,59.746604919433594,88.23085,76.4617,100.0,2812.86,4248.14,1.2224000000000013,0.000338,22297.6,4.99315,0.0,22302.6,54.3,2.57568359375,3.2841796875,2.80078125,16.0,6.91943359375,4.8538055419921875,69.7,69.66371536254883,0.0,0.0,0.0,3.562652587890625,61.0
2026-06-25T06:23:53.449291+00:00,macos,Nominal,0,65.52232360839844,62.5686149597168,92.55855,85.11710000000001,100.0,2954.27,4248.21,12.998600000000005,0.000338,24804.1,143.603,0.0,24947.7,49.6,2.76953125,3.3125,2.8134765625,16.0,6.6851806640625,5.09844970703125,68.1,68.13468933105469,0.0,0.0,0.0,3.5528411865234375,60.0
2026-06-25T06:23:58.457124+00:00,macos,Nominal,0,67.48046875,64.74796295166016,88.2093,76.4186,100.0,2564.23,4248.44,18.8557,0.000424497,21214.8,225.313,0.0,21440.1,50.2,2.94775390625,3.34033203125,2.826171875,16.0,6.7423858642578125,5.052642822265625,68.4,68.42098236083984,0.0,0.0,0.0,3.544647216796875,60.0
2026-06-25T06:24:03.465529+00:00,macos,Nominal,0,69.62220764160156,67.1684799194336,85.275,70.55,100.0,2428.93,4248.38,15.5273,0.000390926,20928.8,207.514,0.0,21136.3,49.3,3.11181640625,3.36767578125,2.8388671875,16.0,6.7368927001953125,5.06524658203125,68.3,68.34220886230469,0.0,0.0,0.0,3.53515625,60.0
2026-06-25T06:24:08.472241+00:00,macos,Nominal,0,70.41685485839844,68.515625,87.182,74.364,100.0,2448.03,4246.92,7.182500000000003,0.000338,21264.7,62.9132,0.0,21327.6,45.4,3.2626953125,3.39453125,2.85107421875,16.0,6.6899566650390625,5.119873046875,68.0,68.00079345703125,0.0,0.0,0.0,3.53509521484375,60.0
2026-06-25T06:24:13.479399+00:00,macos,Nominal,0,72.02567291259766,69.95380401611328,79.6195,59.239,100.0,2250.75,4247.21,2.555300000000005,0.000338,20969.6,13.1783,0.0,20982.8,45.3,3.4013671875,3.4208984375,2.86328125,16.0,6.7083587646484375,5.0971221923828125,68.1,68.14298629760742,0.0,0.0,0.0,3.5350189208984375,60.0
2026-06-25T06:24:18.486321+00:00,macos,Nominal,0,72.39118194580078,70.83219909667969,78.68445,57.368900000000004,100.0,2151.46,4248.34,0.4981000000000013,0.000338,20952.3,2.59644,0.0,20954.9,46.6,3.44921875,3.43017578125,2.86962890625,16.0,6.7467498779296875,5.0601348876953125,68.4,68.3741569519043,0.0,0.0,0.0,3.534820556640625,60.0
2026-06-25T06:24:23.492323+00:00,macos,Nominal,0,73.90736389160156,72.11820983886719,78.47015,56.9403,100.0,2184.49,4236.77,1.5626000000000029,0.000338,21663.0,7.19038,0.0,21670.2,46.4,3.4931640625,3.439453125,2.8759765625,16.0,6.750701904296875,5.0569915771484375,68.4,68.39380264282227,0.0,0.0,0.0,3.53448486328125,60.0
2026-06-25T06:24:28.499629+00:00,macos,Nominal,0,74.89118194580078,72.83287811279297,81.659,63.318000000000005,100.0,2289.92,4226.56,2.602800000000005,0.000338,20938.7,14.1792,0.0,20952.9,47.6,3.45361328125,3.43212890625,2.87646484375,16.0,6.7652130126953125,5.0417022705078125,68.5,68.48936080932617,0.0,0.0,0.0,3.5339508056640625,60.0
2026-06-25T06:24:33.507513+00:00,macos,Nominal,0,74.84263610839844,73.4653549194336,83.1402,66.2804,100.0,2382.93,4228.0,2.504899999999999,0.000338,20721.8,15.3789,0.0,20737.2,47.6,3.5771484375,3.4580078125,2.888671875,16.0,6.81402587890625,4.9941253662109375,68.8,68.78671646118164,0.0,0.0,0.0,3.531097412109375,60.0
2026-06-25T06:24:38.513545+00:00,macos,Nominal,0,77.06305694580078,74.60801696777344,82.9036,65.8072,100.0,2379.48,4204.2,4.632999999999998,0.000338,21851.0,40.74,2.59618,21894.4,54.4,3.77099609375,3.5,2.90673828125,16.0,7.1483917236328125,4.596588134765625,71.3,71.27132415771484,0.0,0.0,0.0,3.5957183837890625,60.0
2026-06-25T06:24:43.520223+00:00,macos,Nominal,0,76.28515625,74.85869598388672,84.61144999999999,69.2229,100.0,2425.48,4188.25,11.390699999999999,0.000338,20948.0,126.421,1.39802,21075.8,49.3,4.029296875,3.55810546875,2.9306640625,16.0,6.9197998046875,4.8285064697265625,69.8,69.82183456420898,0.0,0.0,0.0,3.5907440185546875,60.0
2026-06-25T06:24:48.527443+00:00,macos,Nominal,0,77.57645416259766,74.40760803222656,89.3259,78.65180000000001,100.0,2258.72,4169.4,8.134699999999995,0.000351483,20674.8,59.7173,3.59502,20738.1,52.8,4.26708984375,3.615234375,2.9541015625,16.0,7.155517578125,4.5735931396484375,71.4,71.41504287719727,0.0,0.0,0.0,3.611602783203125,60.0
2026-06-25T06:24:53.534661+00:00,macos,Nominal,0,78.96595764160156,75.87771606445312,82.6568,65.3136,100.0,2212.91,4158.73,3.6653000000000047,0.000338,20921.8,20.9717,2.79623,20945.6,56.1,4.16552734375,3.60498046875,2.9541015625,16.0,6.9732513427734375,4.766937255859375,70.2,70.2066421508789,0.0,0.0,0.0,3.597198486328125,60.0
2026-06-25T06:24:58.540220+00:00,macos,Nominal,0,78.36607360839844,75.96942901611328,94.65615,89.3123,100.0,2763.04,4162.79,50.9611,0.000413916,21423.3,858.849,1.79759,22283.9,54.6,4.55224609375,3.6943359375,2.9892578125,16.0,6.6231231689453125,5.117828369140625,68.0,68.0135726928711,0.0,0.0,0.0,3.594512939453125,60.0
2026-06-25T06:25:03.549568+00:00,macos,Nominal,0,78.44977569580078,76.48301696777344,93.06694999999999,86.1339,100.0,2376.35,4151.69,42.9824,0.000338776,20361.7,571.044,1.59789,20934.3,52.9,4.427734375,3.6826171875,2.9892578125,16.0,6.6687469482421875,5.0724639892578125,68.3,68.29710006713867,0.0,0.0,0.0,3.594268798828125,59.0
2026-06-25T06:25:08.555871+00:00,macos,Nominal,0,79.98102569580078,76.97826385498047,92.31735,84.6347,100.0,2277.71,4116.05,51.16890000000001,0.000338,20829.0,525.103,0.0,21354.1,54.2,4.55322265625,3.720703125,3.0068359375,16.0,6.9249114990234375,4.819427490234375,69.9,69.87857818603516,0.0,0.0,0.0,3.5920562744140625,59.0
2026-06-25T06:25:13.561770+00:00,macos,Nominal,0,78.39453125,77.33287811279297,92.36815,84.7363,100.0,2288.65,4108.84,42.8994,0.000338,20198.4,528.63,0.0,20727.0,50.4,4.5087890625,3.72509765625,3.01220703125,16.0,6.931915283203125,4.8217010498046875,69.9,69.8643684387207,0.0,0.0,0.0,3.5914306640625,59.0
2026-06-25T06:25:18.568833+00:00,macos,Nominal,0,78.61383819580078,77.62975311279297,88.94409999999999,77.8882,100.0,2727.92,4120.74,29.6844,0.000338,20245.7,405.285,0.0,20650.9,48.5,4.7080078125,3.779296875,3.03515625,16.0,6.8485260009765625,4.9027862548828125,69.4,69.35758590698242,0.0,0.0,0.0,3.590179443359375,59.0
2026-06-25T06:25:23.575473+00:00,macos,Nominal,0,78.79185485839844,77.76155090332031,85.67750000000001,71.355,100.0,2588.33,4078.32,17.061099999999996,0.000338,20000.0,180.351,0.0,20180.3,47.0,4.65087890625,3.78271484375,3.04052734375,16.0,6.7466888427734375,5.002685546875,68.7,68.73321533203125,0.0,0.0,0.0,3.589111328125,59.0
2026-06-25T06:25:28.583415+00:00,macos,Nominal,0,78.25334930419922,77.16915893554688,83.9409,67.8818,100.0,2289.65,4044.47,5.3315,0.000338,18675.4,54.9134,0.0,18730.3,46.4,4.8388671875,3.8359375,3.0634765625,16.0,6.7684173583984375,4.9788055419921875,68.9,68.88246536254883,0.0,0.0,0.0,3.588958740234375,59.0
2026-06-25T06:25:33.589421+00:00,macos,Nominal,0,77.82477569580078,77.05162811279297,81.9996,63.9992,100.0,2357.82,4148.07,2.8158000000000016,0.000338,20045.1,17.5759,0.0,20062.7,46.1,4.771484375,3.83837890625,3.06884765625,16.0,6.801025390625,4.9493560791015625,69.1,69.06652450561523,0.0,0.0,0.0,3.586456298828125,59.0
2026-06-25T06:25:38.596988+00:00,macos,Nominal,0,78.83426666259766,77.57269287109375,82.81845,65.6369,100.0,2392.93,4155.58,4.7508,0.000338,20658.0,33.3548,0.0,20691.4,46.0,4.70947265625,3.8408203125,3.07421875,16.0,6.6858062744140625,5.0648651123046875,68.3,68.3445930480957,0.0,0.0,0.0,3.586273193359375,59.0
2026-06-25T06:25:43.603927+00:00,macos,Nominal,0,78.10435485839844,77.06793212890625,81.2915,62.583,100.0,2475.84,4106.68,3.5297000000000023,0.000338,19514.5,20.7718,0.0,19535.3,47.9,4.65234375,3.84326171875,3.07958984375,16.0,6.765380859375,4.99212646484375,68.8,68.79920959472656,0.0,0.0,0.0,3.5859222412109375,59.0
2026-06-25T06:25:48.610544+00:00,macos,Nominal,0,77.92020416259766,76.640625,83.64715000000001,67.2943,100.0,2525.59,4156.37,5.591599999999996,0.000338,20239.6,40.5432,0.0,20280.2,48.4,4.52001953125,3.8291015625,3.0791015625,16.0,6.87042236328125,4.88214111328125,69.5,69.48661804199219,0.0,0.0,0.0,3.585113525390625,59.0
2026-06-25T06:25:53.618669+00:00,macos,Nominal,0,79.18917083740234,76.67255401611328,84.6576,69.3152,100.0,2267.1,4132.96,9.130400000000005,0.000338,20701.4,95.0686,0.0,20796.5,51.0,4.47802734375,3.83154296875,3.08447265625,16.0,6.84063720703125,4.9165191650390625,69.3,69.27175521850586,0.0,0.0,0.0,3.5845184326171875,59.0
2026-06-25T06:25:58.624744+00:00,macos,Nominal,0,77.79463958740234,76.32608795166016,87.35300000000001,74.706,100.0,2266.93,4115.99,24.286600000000004,0.000357532,19742.2,312.744,0.0,20055.0,50.6,4.599609375,3.8671875,3.10107421875,16.0,6.8414459228515625,4.913177490234375,69.3,69.29264068603516,0.0,0.0,0.0,3.5841827392578125,59.0
2026-06-25T06:26:03.640159+00:00,macos,Nominal,0,65.72489166259766,68.34850311279297,88.3164,76.6328,100.0,2289.9,4148.82,34.575199999999995,0.000361725,20428.9,451.987,0.0,20880.9,13.9,4.0390625,3.77197265625,3.07568359375,16.0,6.7010955810546875,5.059295654296875,68.4,68.37940216064453,0.0,0.0,0.0,3.5762176513671875,59.0
2026-06-25T06:26:08.652414+00:00,macos,Nominal,0,61.98995590209961,64.38451385498047,63.5989,65.2209,61.9769,2066.77,3767.85,9.473200000000004,0.000338,10669.5,101.862,0.0,10771.4,10.3,3.79541015625,3.7255859375,3.0634765625,16.0,6.7141265869140625,5.05145263671875,68.4,68.42842102050781,0.0,0.0,0.0,3.5760650634765625,59.0
2026-06-25T06:26:13.666875+00:00,macos,Nominal,0,59.359375,61.611412048339844,45.3381,64.4596,26.2166,1639.86,3307.43,9.708399999999994,0.000344435,1087.67,92.7504,0.0,1180.42,10.2,3.6513671875,3.69677734375,3.05712890625,16.0,6.54315185546875,5.21881103515625,67.4,67.38243103027344,0.0,0.0,0.0,3.5759429931640625,59.0
2026-06-25T06:26:18.678072+00:00,macos,Nominal,0,57.00334930419922,59.083560943603516,46.72229999999999,61.01559999999999,32.428999999999995,1614.62,3078.09,12.785999999999998,0.000338,1156.0,131.858,0.0,1287.86,9.6,3.51904296875,3.66845703125,3.05078125,16.0,6.68035888671875,5.0805816650390625,68.2,68.24636459350586,0.0,0.0,0.0,3.575103759765625,59.0
2026-06-25T06:26:23.698057+00:00,macos,Nominal,0,54.93917465209961,56.69565200805664,38.242799999999995,54.6729,21.812699999999996,1255.77,3764.53,5.143399999999998,0.000338349,1052.12,44.2786,0.0,1096.39,9.5,3.47705078125,3.6572265625,3.05029296875,16.0,6.699066162109375,5.063751220703125,68.4,68.35155487060547,0.0,0.0,0.0,3.5748443603515625,59.0
2026-06-25T06:26:28.708640+00:00,macos,Nominal,0,53.67633819580078,55.4123649597168,38.2182,56.5767,19.859700000000004,1242.94,4060.41,6.200799999999996,0.000338,907.303,62.6414,0.0,969.944,12.9,3.4384765625,3.64599609375,3.0498046875,16.0,6.7662506103515625,5.0042877197265625,68.7,68.72320175170898,0.0,0.0,0.0,3.57330322265625,59.0
2026-06-25T06:26:33.724474+00:00,macos,Nominal,0,52.14285659790039,53.69565200805664,56.7775,68.1286,45.4264,1982.36,2646.96,26.530200000000004,0.000338,1284.77,292.193,0.0,1576.97,9.6,3.1630859375,3.58544921875,3.03173828125,16.0,6.770233154296875,5.000152587890625,68.7,68.7490463256836,0.0,0.0,0.0,3.5726165771484375,59.0
2026-06-25T06:26:38.736081+00:00,macos,Nominal,0,51.16071319580078,52.637229919433594,51.201950000000004,65.01820000000001,37.3857,1773.96,3058.0,25.972700000000003,0.000338,1193.24,225.241,0.0,1418.48,11.1,2.98974609375,3.54248046875,3.01953125,16.0,6.72900390625,5.0378875732421875,68.5,68.51320266723633,0.0,0.0,0.0,3.572540283203125,59.0
2026-06-25T06:26:43.750779+00:00,macos,Nominal,0,50.18526840209961,51.642662048339844,41.7457,57.0592,26.432199999999995,1574.51,3246.07,15.628699999999995,0.000338,930.657,120.419,0.0,1051.08,13.2,3.0703125,3.5498046875,3.02490234375,16.0,6.7797393798828125,4.9841156005859375,68.8,68.84927749633789,0.0,0.0,0.0,3.572479248046875,59.0
2026-06-25T06:26:48.765484+00:00,macos,Nominal,0,49.36272430419922,50.609375,46.23929999999999,62.92869999999999,29.549899999999994,1806.51,3268.42,22.925799999999995,0.000338,1200.2,180.549,0.0,1380.75,10.5,2.984375,3.52392578125,3.0185546875,16.0,6.5810394287109375,5.1841888427734375,67.6,67.59881973266602,0.0,0.0,0.0,3.5724029541015625,59.0
2026-06-25T06:26:53.783346+00:00,macos,Nominal,0,48.04296875,49.3811149597168,56.28735,73.2869,39.2878,2062.17,2883.3,35.8409,0.000338,1210.53,366.01,0.0,1576.54,9.2,3.0654296875,3.53173828125,3.02392578125,16.0,6.610504150390625,5.16180419921875,67.7,67.73872375488281,0.0,0.0,0.0,3.57171630859375,59.0
2026-06-25T06:26:58.796927+00:00,macos,Nominal,0,46.54854965209961,47.849185943603516,37.55125,54.8034,20.299100000000003,1462.56,3943.35,3.742599999999996,0.000338,1046.11,10.17,0.0,1056.28,8.3,2.89990234375,3.4892578125,3.01171875,16.0,6.5543975830078125,5.214752197265625,67.4,67.40779876708984,0.0,0.0,0.0,3.570098876953125,59.0
2026-06-25T06:27:03.815747+00:00,macos,Nominal,0,45.77901840209961,46.96942901611328,38.921350000000004,57.1035,20.739200000000004,1324.36,3728.22,3.208599999999995,0.000338,844.23,8.77122,0.0,853.001,9.4,2.82763671875,3.46435546875,3.00537109375,16.0,6.5761260986328125,5.1917266845703125,67.6,67.55170822143555,0.0,0.0,0.0,3.569305419921875,59.0
2026-06-25T06:27:08.830732+00:00,macos,Nominal,0,45.13393020629883,46.237770080566406,38.667399999999994,56.23389999999999,21.1009,1330.81,3704.44,3.532000000000002,0.000338,830.971,9.56973,0.0,840.541,8.4,2.76123046875,3.43994140625,2.9990234375,16.0,6.611724853515625,5.1605682373046875,67.7,67.7464485168457,0.0,0.0,0.0,3.5673980712890625,59.0
2026-06-25T06:27:13.845142+00:00,macos,Nominal,0,44.5,45.573368072509766,38.1653,55.4864,20.8442,1275.26,3856.66,2.565700000000004,0.000338,907.034,6.97565,0.0,914.009,8.2,2.7001953125,3.416015625,2.9931640625,16.0,6.6831207275390625,5.08819580078125,68.2,68.19877624511719,0.0,0.0,0.0,3.5670166015625,59.0
2026-06-25T06:27:18.854389+00:00,macos,Nominal,0,45.36160659790039,46.13926696777344,38.0328,54.92,21.145599999999998,1242.87,3697.96,2.323799999999998,0.000338,813.673,7.97523,0.0,821.648,14.8,2.7001953125,3.416015625,2.9931640625,16.0,6.6768951416015625,5.09271240234375,68.2,68.17054748535156,0.0,0.0,0.0,3.566131591796875,59.0
2026-06-25T06:27:23.863414+00:00,macos,Nominal,0,45.43694305419922,46.067935943603516,45.4487,58.9924,31.904999999999994,1567.64,3280.35,14.3339,0.000338,1188.48,122.259,0.0,1310.74,18.8,2.72412109375,3.40869140625,2.9931640625,16.0,6.6688079833984375,5.0984344482421875,68.1,68.13478469848633,0.0,0.0,0.0,3.565826416015625,59.0
2026-06-25T06:27:28.872831+00:00,macos,Nominal,0,45.50334930419922,46.252716064453125,60.32445,77.89,42.7589,2226.12,3415.61,35.8569,0.000345286,1877.67,293.586,0.0,2171.26,20.8,2.74609375,3.40185546875,2.9931640625,16.0,6.701568603515625,5.0713653564453125,68.3,68.3039665222168,0.0,0.0,0.0,3.564605712890625,59.0
2026-06-25T06:27:33.890572+00:00,macos,Nominal,0,45.65401840209961,46.13654708862305,81.70279,91.92868,71.4769,2314.05,2953.45,54.46150000000001,0.000338,2554.08,374.65,0.798401,2929.53,14.7,3.00634765625,3.44482421875,3.0107421875,16.0,6.773834228515625,4.9969024658203125,68.8,68.76935958862305,0.0,0.0,0.0,3.56439208984375,59.0
2026-06-25T06:27:38.905807+00:00,macos,Nominal,0,44.24497604370117,45.252037048339844,62.57855,82.6541,42.503,2057.33,3074.37,42.9253,0.000338,1743.67,428.183,0.199619,2172.06,11.2,3.0849609375,3.4462890625,3.015625,16.0,6.5947265625,5.175689697265625,67.7,67.65193939208984,0.0,0.0,0.0,3.564361572265625,59.0
2026-06-25T06:27:43.918010+00:00,macos,Nominal,0,43.51674270629883,44.56929397583008,56.2608,60.7382,51.7834,1912.94,3210.09,28.185700000000004,0.000338,2107.44,264.626,0.0,2372.07,11.8,2.837890625,3.388671875,2.99755859375,16.0,6.6731414794921875,5.103179931640625,68.1,68.1051254272461,0.0,0.0,0.0,3.560089111328125,59.0
2026-06-25T06:27:48.936563+00:00,macos,Nominal,0,43.00725555419922,44.144020080566406,50.0034,65.7117,34.2951,1700.75,3109.68,12.933099999999998,0.00038388,1353.66,87.121,0.0,1440.79,12.5,2.7705078125,3.365234375,2.99169921875,16.0,6.7908172607421875,4.988494873046875,68.8,68.82190704345703,0.0,0.0,0.0,3.557708740234375,59.0
2026-06-25T06:27:53.951613+00:00,macos,Nominal,0,42.57979965209961,43.755435943603516,44.6583,68.1762,21.140400000000003,1362.95,3917.28,2.6027000000000022,0.000338,985.166,7.1808,0.0,992.347,10.6,2.54833984375,3.30908203125,2.97412109375,16.0,6.7451324462890625,5.0341339111328125,68.5,68.53666305541992,0.0,0.0,0.0,3.5570526123046875,59.0
2026-06-25T06:27:58.966229+00:00,macos,Nominal,0,42.44754409790039,43.578125,43.40075,60.914,25.887499999999996,1585.71,3376.64,2.7730000000000032,0.000338,1032.41,11.1634,0.0,1043.57,13.2,2.42431640625,3.2705078125,2.96240234375,16.0,6.7817230224609375,5.0030670166015625,68.7,68.73083114624023,0.0,0.0,0.0,3.55291748046875,59.0
2026-06-25T06:28:03.980663+00:00,macos,Nominal,0,41.88504409790039,42.8967399597168,48.229,64.2118,32.2462,1583.14,3443.21,5.0705,0.000338,1460.32,30.5106,0.0,1490.83,8.9,2.47021484375,3.265625,2.96240234375,16.0,6.7285308837890625,5.0632171630859375,68.4,68.35489273071289,0.0,0.0,0.0,3.5527801513671875,59.0
2026-06-25T06:28:08.993933+00:00,macos,Nominal,0,42.27008819580078,43.09510803222656,43.510149999999996,61.372899999999994,25.647399999999998,1461.85,3578.63,4.5786,0.000338,1085.68,21.5301,0.0,1107.21,12.5,2.51220703125,3.2607421875,2.96240234375,16.0,6.84295654296875,4.9448394775390625,69.1,69.09475326538086,0.0,0.0,0.0,3.551361083984375,59.0
2026-06-25T06:28:14.010256+00:00,macos,Nominal,0,41.69308090209961,42.455841064453125,46.16159999999999,64.60679999999999,27.716399999999997,1621.06,3273.56,9.815799999999996,0.000339835,1042.34,69.3963,0.0,1111.74,11.1,2.390625,3.22314453125,2.95068359375,16.0,6.7783966064453125,5.015716552734375,68.7,68.65177154541016,0.0,0.0,0.0,3.5480499267578125,59.0
2026-06-25T06:28:19.027165+00:00,macos,Nominal,0,41.20981979370117,42.02309799194336,48.9242,65.4684,32.379999999999995,1615.54,3349.08,20.199900000000003,0.00037087700000000003,1048.32,177.712,0.0,1226.03,11.1,2.83935546875,3.30224609375,2.97998046875,16.0,6.8273162841796875,4.963409423828125,69.0,68.97869110107422,0.0,0.0,0.0,3.547943115234375,59.0
2026-06-25T06:28:24.045878+00:00,macos,Nominal,0,40.82310104370117,41.637229919433594,48.80185,63.7459,33.857800000000005,1726.94,2952.31,22.1121,0.000338,1152.21,172.662,0.0,1324.87,10.7,2.77197265625,3.2802734375,2.97412109375,16.0,6.739044189453125,5.056488037109375,68.4,68.3969497680664,0.0,0.0,0.0,3.547821044921875,59.0
2026-06-25T06:28:29.059984+00:00,macos,Nominal,0,40.66015625,41.44904708862305,46.7272,64.3872,29.067200000000003,1592.03,3310.95,18.200899999999997,0.000338,1067.36,120.987,0.0,1188.35,8.1,2.7099609375,3.2587890625,2.96826171875,16.0,6.6575775146484375,5.1406402587890625,67.9,67.87099838256836,0.0,0.0,0.0,3.5477447509765625,59.0
2026-06-25T06:28:34.078049+00:00,macos,Nominal,0,40.2890625,41.11616897583008,38.5784,58.062799999999996,19.094,1238.8,3900.4,2.0181000000000004,0.000338,836.906,8.57036,0.0,845.476,9.2,2.73291015625,3.25439453125,2.96826171875,16.0,6.6822509765625,5.1100921630859375,68.1,68.06192398071289,0.0,0.0,0.0,3.5474395751953125,59.0
2026-06-25T06:28:39.088526+00:00,macos,Nominal,0,40.23270034790039,40.989131927490234,37.4127,54.0885,20.736900000000002,1264.5,3796.87,2.3347000000000007,0.000338,907.905,5.18347,0.0,913.089,10.9,2.833984375,3.2666015625,2.97412109375,16.0,6.72540283203125,5.0715789794921875,68.3,68.30263137817383,0.0,0.0,0.0,3.5471343994140625,59.0
2026-06-25T06:28:44.102121+00:00,macos,Nominal,0,39.81082534790039,40.65625,45.93215,65.1877,26.676599999999993,1476.0,3373.59,5.110499999999996,0.000338,1010.1,25.3124,0.0,1035.42,8.2,2.68701171875,3.228515625,2.96240234375,16.0,6.7007293701171875,5.09625244140625,68.1,68.14842224121094,0.0,0.0,0.0,3.545806884765625,59.0
2026-06-25T06:28:49.114555+00:00,macos,Nominal,0,39.78850555419922,40.609375,38.1279,55.0392,21.216599999999996,1333.63,3994.78,3.1267000000000045,0.000338,1049.09,11.3728,0.0,1060.46,9.9,2.5517578125,3.19140625,2.95068359375,16.0,6.8398590087890625,4.9580078125,69.0,69.012451171875,0.0,0.0,0.0,3.5455780029296875,59.0
2026-06-25T06:28:54.127857+00:00,macos,Nominal,0,39.60435104370117,40.5,39.1387,55.0819,23.195500000000003,1265.32,3726.79,1.4090000000000047,0.000338,998.681,4.38893,0.0,1003.07,9.1,2.42724609375,3.15478515625,2.93896484375,16.0,6.6434478759765625,5.1563873291015625,67.8,67.77257919311523,0.0,0.0,0.0,3.54510498046875,59.0
2026-06-25T06:28:59.141555+00:00,macos,Nominal,0,39.43359375,40.375,45.536199999999994,61.6742,29.398199999999996,1464.63,3362.24,6.251300000000004,0.000338,1098.89,39.6949,0.0,1138.59,7.7,2.6328125,3.18505859375,2.95068359375,16.0,6.6615142822265625,5.1301116943359375,67.9,67.93680191040039,0.0,0.0,0.0,3.545013427734375,59.0
2026-06-25T06:29:04.153772+00:00,macos,Nominal,0,39.68471145629883,40.505435943603516,38.17060000000001,56.98460000000001,19.3566,1190.6,4025.61,0.29240000000000377,0.000338,861.495,0.398933,0.0,861.894,10.3,2.501953125,3.1484375,2.93896484375,16.0,6.71051025390625,5.0883331298828125,68.2,68.19791793823242,0.0,0.0,0.0,3.5394439697265625,59.0
2026-06-25T06:29:09.166130+00:00,macos,Nominal,0,39.48883819580078,40.419158935546875,38.006550000000004,56.5753,19.437800000000006,1243.52,3801.6,0.8840999999999988,0.000338,844.002,2.19429,0.0,846.196,9.3,2.62158203125,3.162109375,2.94482421875,16.0,6.6589508056640625,5.1420745849609375,67.9,67.86203384399414,0.0,0.0,0.0,3.539215087890625,59.0
2026-06-25T06:29:13.551178+00:00,macos,,,39.5625,40.421875,nan,nan,nan,nan,nan,nan,nan,nan,nan,nan,nan,8.3,2.62158203125,3.162109375,2.94482421875,16.0,6.6680145263671875,5.1356658935546875,67.9,67.9020881652832,0.0,0.0,0.0,3.5385284423828125,59.0
